{"cameraMode":{"drawMode":0,"name":"Shaded","section":"Shading Mode"},"sceneLighting":false,"audioPlay":false,"sceneViewState":{"showFog":true,"showMaterialUpdate":false,"showSkybox":true,"showFlares":true,"showImageEffects":true,"showParticleSystems":true},"in2DMode":false,"pivot":{"x":38.558433532714847,"y":152.47076416015626,"z":64.21084594726563},"rotation":{"x":-0.10678223520517349,"y":-0.04800662025809288,"z":0.0053434595465660099,"w":-0.9931968450546265},"size":824.4666137695313,"orthographic":false}