{"cameraMode":{"drawMode":0,"name":"Shaded","section":"Shading Mode"},"sceneLighting":false,"audioPlay":false,"sceneViewState":{"showFog":true,"showMaterialUpdate":false,"showSkybox":true,"showFlares":true,"showImageEffects":true,"showParticleSystems":true},"in2DMode":false,"pivot":{"x":0.4142487049102783,"y":2.023793935775757,"z":-3.500706672668457},"rotation":{"x":0.030798058956861497,"y":0.9629170894622803,"z":-0.23779526352882386,"w":0.12459816038608551},"size":5.3152313232421879,"orthographic":false}