{"cameraMode":{"drawMode":0,"name":"Shaded","section":"Shading Mode"},"sceneLighting":false,"audioPlay":false,"sceneViewState":{"showFog":true,"showMaterialUpdate":false,"showSkybox":true,"showFlares":true,"showImageEffects":true,"showParticleSystems":true},"in2DMode":false,"pivot":{"x":0.4142487049102783,"y":2.023793935775757,"z":-3.500706672668457},"rotation":{"x":0.0716916099190712,"y":-0.7667765617370606,"z":0.08719653636217118,"w":0.6320948600769043},"size":6.515232086181641,"orthographic":false}