{"cameraMode":{"drawMode":0,"name":"Shaded","section":"Shading Mode"},"sceneLighting":true,"audioPlay":false,"sceneViewState":{"showFog":true,"showMaterialUpdate":false,"showSkybox":true,"showFlares":true,"showImageEffects":true,"showParticleSystems":true},"in2DMode":false,"pivot":{"x":-2.7578682899475099,"y":353.8570556640625,"z":8.008461952209473},"rotation":{"x":-0.10334645956754685,"y":-0.0718611404299736,"z":0.007474781014025211,"w":-0.9920376539230347},"size":20.23813819885254,"orthographic":false}