{"cameraMode":{"drawMode":0,"name":"Shaded","section":"Shading Mode"},"sceneLighting":true,"audioPlay":false,"sceneViewState":{"showFog":true,"showMaterialUpdate":false,"showSkybox":true,"showFlares":true,"showImageEffects":true,"showParticleSystems":true},"in2DMode":false,"pivot":{"x":8.265435218811036,"y":349.7084655761719,"z":8.30144214630127},"rotation":{"x":-0.08135075867176056,"y":-0.7574907541275024,"z":0.09617521613836289,"w":-0.6406003832817078},"size":5.221949100494385,"orthographic":false}