{"cameraMode":{"drawMode":0,"name":"Shaded","section":"Shading Mode"},"sceneLighting":true,"audioPlay":false,"sceneViewState":{"showFog":true,"showMaterialUpdate":false,"showSkybox":true,"showFlares":true,"showImageEffects":true,"showParticleSystems":true},"in2DMode":false,"pivot":{"x":6.108090400695801,"y":350.86767578125,"z":6.080898761749268},"rotation":{"x":-0.1104765459895134,"y":-0.10298625379800797,"z":0.011497857980430127,"w":-0.9884815216064453},"size":28.548254013061525,"orthographic":false}