{"cameraMode":{"drawMode":0,"name":"Shaded","section":"Shading Mode"},"sceneLighting":true,"audioPlay":false,"sceneViewState":{"showFog":true,"showMaterialUpdate":false,"showSkybox":true,"showFlares":true,"showImageEffects":true,"showParticleSystems":true},"in2DMode":false,"pivot":{"x":5.418903350830078,"y":355.0479736328125,"z":-3.3071792125701906},"rotation":{"x":-0.2652227580547333,"y":0.05029983073472977,"z":-0.01385691948235035,"w":-0.9627775549888611},"size":2.852205753326416,"orthographic":false}